[
  {
    "name": "Air Fryer",
    "price": 7999,
    "imgLink": "https://m.media-amazon.com/images/I/81K12vozuoL._AC_UF350,350_QL80_.jpg",
    "type": "appliances"
  },
  {
    "name": "Microwave Oven",
    "price": 12499,
    "imgLink": "https://media.istockphoto.com/id/489937746/photo/microwave-stove-isolated.jpg?s=612x612&w=0&k=20&c=vUi8YaHdjDvVHJPXCcYHrWkELl1l8GLpGTg2hUl35V4=",
    "type": "appliances"
  },
  {
    "name": "Refrigerator",
    "price": 35999,
    "imgLink": "https://images-cdn.ubuy.co.in/65979c2cb910f53d2e6e34ae-3-5cu-ft-compact-refrigerator-mini.jpg",
    "type": "appliances"
  },
  {
    "name": "Washing Machine",
    "price": 27999,
    "imgLink": "https://whirlpoolindia.vtexassets.com/arquivos/ids/167803-800-auto?v=638379748757530000&width=800&height=auto&aspect=true",
    "type": "appliances"
  },
  {
    "name": "Ceiling Fan",
    "price": 2499,
    "imgLink": "https://cdn.shopify.com/s/files/1/0047/8022/8698/files/NewfanwoodenCrystalchandelier4_61e78e87-eee7-4198-b9da-e86b25d38371.jpg?v=1713031373g",
    "type": "appliances"
  },
  {
    "name": "Electric Kettle",
    "price": 2499,
    "imgLink": "https://wiproappliances.com/cdn/shop/articles/Finding_Your_Perfect_Cup-_A_Guide_to_Choosing_the_Best_Electric_Kettle_for_You_aa782981-38f2-494a-98cd-931e0d11489b.webp?v=1722327627",
    "type": "appliances"
  }  
]
