[
  {
    "name": "Men's Cotton T-Shirt",
    "price": 599,
    "imgLink": "https://assets.ajio.com/medias/sys_master/root/20231214/B6fn/657ad716afa4cf41f5cff1e6/-473Wx593H-463872857-white-MODEL.jpg",
    "type": "clothes"
  },
  {
    "name": "Women's Kurta",
    "price": 1299,
    "imgLink": "https://i.pinimg.com/736x/0b/5f/82/0b5f82943e40f8add44141f8bd7907dd.jpg",
    "type": "clothes"
  },
  {
    "name": "Unisex Hoodie",
    "price": 1999,
    "imgLink": "https://m.media-amazon.com/images/I/51LMnNKmNmL._AC_SX466_.jpg",
    "type": "clothes"
  },
  {
    "name": "Denim Jeans",
    "price": 1499,
    "imgLink": "https://images.hugoboss.com/is/image/boss/hbeu50523239_415_100?$re_fullPageZoom$&qlt=85&fit=crop,1&align=1,1&bgcolor=ebebeb&lastModified=1716992437000&wid=1200&hei=1818",
    "type": "clothes"
  },
  {
    "name": "Kids' Party Dress",
    "price": 999,
    "imgLink": "https://www.pinkblueindia.com/wp-content/uploads/2024/01/offshoulderbirthdaydress.jpg",
    "type": "clothes"
  },
  {
    "name": "Silk Saree",
    "price": 2999,
    "imgLink": "https://ibisfab.com/cdn/shop/products/pure-banarasi-silk-sarees-dark-green-colour-wedding-wear-6.jpg?v=1716027008&width=1080",
    "type": "clothes"
  }  
]
