[
  {
    "name": "Lipstick",
    "price": 499,
    "imgLink": "https://t3.ftcdn.net/jpg/08/86/19/04/360_F_886190436_suBHL8tiDQrBo2HE4vgBPqMK2SkDwVwI.jpg",
    "type": "cosmetics"
  },
  {
    "name": "Foundation",
    "price": 899,
    "imgLink": "https://encrypted-tbn0.gstatic.com/images?q=tbn:ANd9GcQuqjJtFjblobjnFnUOF4xX0bOdbNyWPlwXtg&s",
    "type": "cosmetics"
  },
  {
    "name": "Mascara",
    "price": 649,
    "imgLink": "https://encrypted-tbn0.gstatic.com/images?q=tbn:ANd9GcRzuP5UrpooolKH7ItN_XQTMKdJzN6Ke7Eiow&s",
    "type": "cosmetics"
  },
  {
    "name": "Eyeliner",
    "price": 299,
    "imgLink": "https://5.imimg.com/data5/SELLER/Default/2021/4/NM/MV/NB/40134419/handiyan-500x500.jpg",
    "type": "cosmetics"
  },
  {
    "name": "Nail Polish Set",
    "price": 749,
    "imgLink": "https://encrypted-tbn0.gstatic.com/images?q=tbn:ANd9GcQOY-R2TifqyqmgawzsXGvxqKybIvXLtyH6fw&s",
    "type": "cosmetics"
  },
  {
    "name": "Makeup Brush Set",
    "price": 1199,
    "imgLink": "https://images-cdn.ubuy.co.in/635915df3ae8ee4d1c20b415-jpnk-rose-gold-makeup-brush-set-blender.jpg",
    "type": "cosmetics"
  }  
]
